addon_code,region_code,currency,cycle_months,price_cents,price_readable,discount_pct,notes
ANOMALY_MONITOR,EG,EGP,1,65000,650,0,Egypt (VAT included)
ANOMALY_MONITOR,EG,EGP,3,185000,1850,2,Egypt (VAT included)
ANOMALY_MONITOR,EG,EGP,6,365000,3650,4,Egypt (VAT included)
ANOMALY_MONITOR,EG,EGP,12,705000,7050,7,Egypt (VAT included)
ANOMALY_MONITOR,SA,SAR,1,6500,65,0,Saudi Arabia
ANOMALY_MONITOR,SA,SAR,3,19000,190,5,Saudi Arabia
ANOMALY_MONITOR,SA,SAR,6,36000,360,10,Saudi Arabia
ANOMALY_MONITOR,SA,SAR,12,67500,675,16,Saudi Arabia
ANOMALY_MONITOR,AE,AED,1,7000,70,0,UAE
ANOMALY_MONITOR,AE,AED,3,19500,195,6,UAE
ANOMALY_MONITOR,AE,AED,6,37500,375,11,UAE
ANOMALY_MONITOR,AE,AED,12,69000,690,18,UAE
ANOMALY_MONITOR,OM,OMR,1,650,6.50,0,Oman (ex-VAT 5% at checkout)
ANOMALY_MONITOR,OM,OMR,3,1900,19.00,4,Oman (ex-VAT 5% at checkout)
ANOMALY_MONITOR,OM,OMR,6,3600,36.00,8,Oman (ex-VAT 5% at checkout)
ANOMALY_MONITOR,OM,OMR,12,6750,67.50,14,Oman (ex-VAT 5% at checkout)
ANOMALY_MONITOR,KW,KWD,1,560,5.60,0,Kuwait (no VAT)
ANOMALY_MONITOR,KW,KWD,3,1610,16.10,5,Kuwait (no VAT)
ANOMALY_MONITOR,KW,KWD,6,3080,30.80,9,Kuwait (no VAT)
ANOMALY_MONITOR,KW,KWD,12,5750,57.50,15,Kuwait (no VAT)
API_WEBHOOKS,EG,EGP,1,35000,350,0,Egypt (VAT included)
API_WEBHOOKS,EG,EGP,3,110000,1100,2,Egypt (VAT included)
API_WEBHOOKS,EG,EGP,6,215000,2150,4,Egypt (VAT included)
API_WEBHOOKS,EG,EGP,12,415000,4150,7,Egypt (VAT included)
API_WEBHOOKS,SA,SAR,1,4000,40,0,Saudi Arabia
API_WEBHOOKS,SA,SAR,3,11000,110,5,Saudi Arabia
API_WEBHOOKS,SA,SAR,6,21500,215,10,Saudi Arabia
API_WEBHOOKS,SA,SAR,12,39500,395,16,Saudi Arabia
API_WEBHOOKS,AE,AED,1,4000,40,0,UAE
API_WEBHOOKS,AE,AED,3,11500,115,6,UAE
API_WEBHOOKS,AE,AED,6,22000,220,11,UAE
API_WEBHOOKS,AE,AED,12,40500,405,18,UAE
API_WEBHOOKS,OM,OMR,1,400,4.00,0,Oman (ex-VAT 5% at checkout)
API_WEBHOOKS,OM,OMR,3,1100,11.00,4,Oman (ex-VAT 5% at checkout)
API_WEBHOOKS,OM,OMR,6,2150,21.50,8,Oman (ex-VAT 5% at checkout)
API_WEBHOOKS,OM,OMR,12,3950,39.50,14,Oman (ex-VAT 5% at checkout)
API_WEBHOOKS,KW,KWD,1,330,3.30,0,Kuwait (no VAT)
API_WEBHOOKS,KW,KWD,3,940,9.40,5,Kuwait (no VAT)
API_WEBHOOKS,KW,KWD,6,1810,18.10,9,Kuwait (no VAT)
API_WEBHOOKS,KW,KWD,12,3380,33.80,15,Kuwait (no VAT)
AUTONOMOUS_AGENT,EG,EGP,1,165000,1650,0,Egypt (VAT included)
AUTONOMOUS_AGENT,EG,EGP,3,490000,4900,2,Egypt (VAT included)
AUTONOMOUS_AGENT,EG,EGP,6,960000,9600,4,Egypt (VAT included)
AUTONOMOUS_AGENT,EG,EGP,12,1865000,18650,7,Egypt (VAT included)
AUTONOMOUS_AGENT,SA,SAR,1,17500,175,0,Saudi Arabia
AUTONOMOUS_AGENT,SA,SAR,3,50500,505,5,Saudi Arabia
AUTONOMOUS_AGENT,SA,SAR,6,95500,955,10,Saudi Arabia
AUTONOMOUS_AGENT,SA,SAR,12,178500,1785,16,Saudi Arabia
AUTONOMOUS_AGENT,AE,AED,1,18500,185,0,UAE
AUTONOMOUS_AGENT,AE,AED,3,52000,520,6,UAE
AUTONOMOUS_AGENT,AE,AED,6,99000,990,11,UAE
AUTONOMOUS_AGENT,AE,AED,12,182000,1820,18,UAE
AUTONOMOUS_AGENT,OM,OMR,1,1750,17.50,0,Oman (ex-VAT 5% at checkout)
AUTONOMOUS_AGENT,OM,OMR,3,5000,50.00,4,Oman (ex-VAT 5% at checkout)
AUTONOMOUS_AGENT,OM,OMR,6,9550,95.50,8,Oman (ex-VAT 5% at checkout)
AUTONOMOUS_AGENT,OM,OMR,12,17900,179.00,14,Oman (ex-VAT 5% at checkout)
AUTONOMOUS_AGENT,KW,KWD,1,1490,14.90,0,Kuwait (no VAT)
AUTONOMOUS_AGENT,KW,KWD,3,4250,42.50,5,Kuwait (no VAT)
AUTONOMOUS_AGENT,KW,KWD,6,8150,81.50,9,Kuwait (no VAT)
AUTONOMOUS_AGENT,KW,KWD,12,15220,152.20,15,Kuwait (no VAT)
COPILOT_VISION_HELPER,EG,EGP,1,80000,800,0,Egypt (VAT included)
COPILOT_VISION_HELPER,EG,EGP,3,240000,2400,2,Egypt (VAT included)
COPILOT_VISION_HELPER,EG,EGP,6,470000,4700,4,Egypt (VAT included)
COPILOT_VISION_HELPER,EG,EGP,12,910000,9100,7,Egypt (VAT included)
COPILOT_VISION_HELPER,SA,SAR,1,8500,85,0,Saudi Arabia
COPILOT_VISION_HELPER,SA,SAR,3,24500,245,5,Saudi Arabia
COPILOT_VISION_HELPER,SA,SAR,6,47000,470,10,Saudi Arabia
COPILOT_VISION_HELPER,SA,SAR,12,87500,875,16,Saudi Arabia
COPILOT_VISION_HELPER,AE,AED,1,9000,90,0,UAE
COPILOT_VISION_HELPER,AE,AED,3,25500,255,6,UAE
COPILOT_VISION_HELPER,AE,AED,6,48500,485,11,UAE
COPILOT_VISION_HELPER,AE,AED,12,89000,890,18,UAE
COPILOT_VISION_HELPER,OM,OMR,1,850,8.50,0,Oman (ex-VAT 5% at checkout)
COPILOT_VISION_HELPER,OM,OMR,3,2450,24.50,4,Oman (ex-VAT 5% at checkout)
COPILOT_VISION_HELPER,OM,OMR,6,4700,47.00,8,Oman (ex-VAT 5% at checkout)
COPILOT_VISION_HELPER,OM,OMR,12,8750,87.50,14,Oman (ex-VAT 5% at checkout)
COPILOT_VISION_HELPER,KW,KWD,1,730,7.30,0,Kuwait (no VAT)
COPILOT_VISION_HELPER,KW,KWD,3,2080,20.80,5,Kuwait (no VAT)
COPILOT_VISION_HELPER,KW,KWD,6,3980,39.80,9,Kuwait (no VAT)
COPILOT_VISION_HELPER,KW,KWD,12,7440,74.40,15,Kuwait (no VAT)
COPILOT_VOICE_NOTES,EG,EGP,1,70000,700,0,Egypt (VAT included)
COPILOT_VOICE_NOTES,EG,EGP,3,205000,2050,2,Egypt (VAT included)
COPILOT_VOICE_NOTES,EG,EGP,6,405000,4050,4,Egypt (VAT included)
COPILOT_VOICE_NOTES,EG,EGP,12,785000,7850,7,Egypt (VAT included)
COPILOT_VOICE_NOTES,SA,SAR,1,7500,75,0,Saudi Arabia
COPILOT_VOICE_NOTES,SA,SAR,3,21500,215,5,Saudi Arabia
COPILOT_VOICE_NOTES,SA,SAR,6,40500,405,10,Saudi Arabia
COPILOT_VOICE_NOTES,SA,SAR,12,75500,755,16,Saudi Arabia
COPILOT_VOICE_NOTES,AE,AED,1,8000,80,0,UAE
COPILOT_VOICE_NOTES,AE,AED,3,22000,220,6,UAE
COPILOT_VOICE_NOTES,AE,AED,6,41500,415,11,UAE
COPILOT_VOICE_NOTES,AE,AED,12,77000,770,18,UAE
COPILOT_VOICE_NOTES,OM,OMR,1,750,7.50,0,Oman (ex-VAT 5% at checkout)
COPILOT_VOICE_NOTES,OM,OMR,3,2100,21.00,4,Oman (ex-VAT 5% at checkout)
COPILOT_VOICE_NOTES,OM,OMR,6,4050,40.50,8,Oman (ex-VAT 5% at checkout)
COPILOT_VOICE_NOTES,OM,OMR,12,7550,75.50,14,Oman (ex-VAT 5% at checkout)
COPILOT_VOICE_NOTES,KW,KWD,1,630,6.30,0,Kuwait (no VAT)
COPILOT_VOICE_NOTES,KW,KWD,3,1800,18.00,5,Kuwait (no VAT)
COPILOT_VOICE_NOTES,KW,KWD,6,3440,34.40,9,Kuwait (no VAT)
COPILOT_VOICE_NOTES,KW,KWD,12,6430,64.30,15,Kuwait (no VAT)
COPILOT_WORKFLOWS,EG,EGP,1,95000,950,0,Egypt (VAT included)
COPILOT_WORKFLOWS,EG,EGP,3,285000,2850,2,Egypt (VAT included)
COPILOT_WORKFLOWS,EG,EGP,6,555000,5550,4,Egypt (VAT included)
COPILOT_WORKFLOWS,EG,EGP,12,1075000,10750,7,Egypt (VAT included)
COPILOT_WORKFLOWS,SA,SAR,1,10000,100,0,Saudi Arabia
COPILOT_WORKFLOWS,SA,SAR,3,29000,290,5,Saudi Arabia
COPILOT_WORKFLOWS,SA,SAR,6,55500,555,10,Saudi Arabia
COPILOT_WORKFLOWS,SA,SAR,12,103000,1030,16,Saudi Arabia
COPILOT_WORKFLOWS,AE,AED,1,10500,105,0,UAE
COPILOT_WORKFLOWS,AE,AED,3,30000,300,6,UAE
COPILOT_WORKFLOWS,AE,AED,6,57000,570,11,UAE
COPILOT_WORKFLOWS,AE,AED,12,105000,1050,18,UAE
COPILOT_WORKFLOWS,OM,OMR,1,1000,10.00,0,Oman (ex-VAT 5% at checkout)
COPILOT_WORKFLOWS,OM,OMR,3,2900,29.00,4,Oman (ex-VAT 5% at checkout)
COPILOT_WORKFLOWS,OM,OMR,6,5550,55.50,8,Oman (ex-VAT 5% at checkout)
COPILOT_WORKFLOWS,OM,OMR,12,10350,103.50,14,Oman (ex-VAT 5% at checkout)
COPILOT_WORKFLOWS,KW,KWD,1,860,8.60,0,Kuwait (no VAT)
COPILOT_WORKFLOWS,KW,KWD,3,2460,24.60,5,Kuwait (no VAT)
COPILOT_WORKFLOWS,KW,KWD,6,4710,47.10,9,Kuwait (no VAT)
COPILOT_WORKFLOWS,KW,KWD,12,8790,87.90,15,Kuwait (no VAT)
DAILY_REPORTS,EG,EGP,1,40000,400,0,Egypt (VAT included)
DAILY_REPORTS,EG,EGP,3,120000,1200,2,Egypt (VAT included)
DAILY_REPORTS,EG,EGP,6,235000,2350,4,Egypt (VAT included)
DAILY_REPORTS,EG,EGP,12,455000,4550,7,Egypt (VAT included)
DAILY_REPORTS,SA,SAR,1,4500,45,0,Saudi Arabia
DAILY_REPORTS,SA,SAR,3,12500,125,5,Saudi Arabia
DAILY_REPORTS,SA,SAR,6,23500,235,10,Saudi Arabia
DAILY_REPORTS,SA,SAR,12,43500,435,16,Saudi Arabia
DAILY_REPORTS,AE,AED,1,4500,45,0,UAE
DAILY_REPORTS,AE,AED,3,13000,130,6,UAE
DAILY_REPORTS,AE,AED,6,24000,240,11,UAE
DAILY_REPORTS,AE,AED,12,44500,445,18,UAE
DAILY_REPORTS,OM,OMR,1,400,4.00,0,Oman (ex-VAT 5% at checkout)
DAILY_REPORTS,OM,OMR,3,1200,12.00,4,Oman (ex-VAT 5% at checkout)
DAILY_REPORTS,OM,OMR,6,2350,23.50,8,Oman (ex-VAT 5% at checkout)
DAILY_REPORTS,OM,OMR,12,4350,43.50,14,Oman (ex-VAT 5% at checkout)
DAILY_REPORTS,KW,KWD,1,360,3.60,0,Kuwait (no VAT)
DAILY_REPORTS,KW,KWD,3,1040,10.40,5,Kuwait (no VAT)
DAILY_REPORTS,KW,KWD,6,1990,19.90,9,Kuwait (no VAT)
DAILY_REPORTS,KW,KWD,12,3720,37.20,15,Kuwait (no VAT)
FINANCE_AUTOMATION,EG,EGP,1,80000,800,0,Egypt (VAT included)
FINANCE_AUTOMATION,EG,EGP,3,230000,2300,2,Egypt (VAT included)
FINANCE_AUTOMATION,EG,EGP,6,450000,4500,4,Egypt (VAT included)
FINANCE_AUTOMATION,EG,EGP,12,870000,8700,7,Egypt (VAT included)
FINANCE_AUTOMATION,SA,SAR,1,8500,85,0,Saudi Arabia
FINANCE_AUTOMATION,SA,SAR,3,23500,235,5,Saudi Arabia
FINANCE_AUTOMATION,SA,SAR,6,44500,445,10,Saudi Arabia
FINANCE_AUTOMATION,SA,SAR,12,83500,835,16,Saudi Arabia
FINANCE_AUTOMATION,AE,AED,1,8500,85,0,UAE
FINANCE_AUTOMATION,AE,AED,3,24500,245,6,UAE
FINANCE_AUTOMATION,AE,AED,6,46000,460,11,UAE
FINANCE_AUTOMATION,AE,AED,12,85000,850,18,UAE
FINANCE_AUTOMATION,OM,OMR,1,800,8.00,0,Oman (ex-VAT 5% at checkout)
FINANCE_AUTOMATION,OM,OMR,3,2350,23.50,4,Oman (ex-VAT 5% at checkout)
FINANCE_AUTOMATION,OM,OMR,6,4450,44.50,8,Oman (ex-VAT 5% at checkout)
FINANCE_AUTOMATION,OM,OMR,12,8350,83.50,14,Oman (ex-VAT 5% at checkout)
FINANCE_AUTOMATION,KW,KWD,1,700,7.00,0,Kuwait (no VAT)
FINANCE_AUTOMATION,KW,KWD,3,1980,19.80,5,Kuwait (no VAT)
FINANCE_AUTOMATION,KW,KWD,6,3800,38.00,9,Kuwait (no VAT)
FINANCE_AUTOMATION,KW,KWD,12,7100,71.00,15,Kuwait (no VAT)
FOLLOWUP_AUTOMATIONS,EG,EGP,1,50000,500,0,Egypt (VAT included)
FOLLOWUP_AUTOMATIONS,EG,EGP,3,155000,1550,2,Egypt (VAT included)
FOLLOWUP_AUTOMATIONS,EG,EGP,6,300000,3000,4,Egypt (VAT included)
FOLLOWUP_AUTOMATIONS,EG,EGP,12,580000,5800,7,Egypt (VAT included)
FOLLOWUP_AUTOMATIONS,SA,SAR,1,5500,55,0,Saudi Arabia
FOLLOWUP_AUTOMATIONS,SA,SAR,3,15500,155,5,Saudi Arabia
FOLLOWUP_AUTOMATIONS,SA,SAR,6,30000,300,10,Saudi Arabia
FOLLOWUP_AUTOMATIONS,SA,SAR,12,55500,555,16,Saudi Arabia
FOLLOWUP_AUTOMATIONS,AE,AED,1,6000,60,0,UAE
FOLLOWUP_AUTOMATIONS,AE,AED,3,16000,160,6,UAE
FOLLOWUP_AUTOMATIONS,AE,AED,6,31000,310,11,UAE
FOLLOWUP_AUTOMATIONS,AE,AED,12,56500,565,18,UAE
FOLLOWUP_AUTOMATIONS,OM,OMR,1,550,5.50,0,Oman (ex-VAT 5% at checkout)
FOLLOWUP_AUTOMATIONS,OM,OMR,3,1550,15.50,4,Oman (ex-VAT 5% at checkout)
FOLLOWUP_AUTOMATIONS,OM,OMR,6,3000,30.00,8,Oman (ex-VAT 5% at checkout)
FOLLOWUP_AUTOMATIONS,OM,OMR,12,5550,55.50,14,Oman (ex-VAT 5% at checkout)
FOLLOWUP_AUTOMATIONS,KW,KWD,1,460,4.60,0,Kuwait (no VAT)
FOLLOWUP_AUTOMATIONS,KW,KWD,3,1320,13.20,5,Kuwait (no VAT)
FOLLOWUP_AUTOMATIONS,KW,KWD,6,2530,25.30,9,Kuwait (no VAT)
FOLLOWUP_AUTOMATIONS,KW,KWD,12,4730,47.30,15,Kuwait (no VAT)
INBOX_AI_CHANNEL,EG,EGP,1,80000,800,0,Egypt (VAT included)
INBOX_AI_CHANNEL,EG,EGP,3,240000,2400,2,Egypt (VAT included)
INBOX_AI_CHANNEL,EG,EGP,6,470000,4700,4,Egypt (VAT included)
INBOX_AI_CHANNEL,EG,EGP,12,910000,9100,7,Egypt (VAT included)
INBOX_AI_CHANNEL,SA,SAR,1,8500,85,0,Saudi Arabia
INBOX_AI_CHANNEL,SA,SAR,3,24500,245,5,Saudi Arabia
INBOX_AI_CHANNEL,SA,SAR,6,47000,470,10,Saudi Arabia
INBOX_AI_CHANNEL,SA,SAR,12,87500,875,16,Saudi Arabia
INBOX_AI_CHANNEL,AE,AED,1,9000,90,0,UAE
INBOX_AI_CHANNEL,AE,AED,3,25500,255,6,UAE
INBOX_AI_CHANNEL,AE,AED,6,48500,485,11,UAE
INBOX_AI_CHANNEL,AE,AED,12,89000,890,18,UAE
INBOX_AI_CHANNEL,OM,OMR,1,850,8.50,0,Oman (ex-VAT 5% at checkout)
INBOX_AI_CHANNEL,OM,OMR,3,2450,24.50,4,Oman (ex-VAT 5% at checkout)
INBOX_AI_CHANNEL,OM,OMR,6,4700,47.00,8,Oman (ex-VAT 5% at checkout)
INBOX_AI_CHANNEL,OM,OMR,12,8750,87.50,14,Oman (ex-VAT 5% at checkout)
INBOX_AI_CHANNEL,KW,KWD,1,730,7.30,0,Kuwait (no VAT)
INBOX_AI_CHANNEL,KW,KWD,3,2080,20.80,5,Kuwait (no VAT)
INBOX_AI_CHANNEL,KW,KWD,6,3980,39.80,9,Kuwait (no VAT)
INBOX_AI_CHANNEL,KW,KWD,12,7440,74.40,15,Kuwait (no VAT)
INVENTORY_INSIGHTS,EG,EGP,1,85000,850,0,Egypt (VAT included)
INVENTORY_INSIGHTS,EG,EGP,3,250000,2500,2,Egypt (VAT included)
INVENTORY_INSIGHTS,EG,EGP,6,490000,4900,4,Egypt (VAT included)
INVENTORY_INSIGHTS,EG,EGP,12,955000,9550,7,Egypt (VAT included)
INVENTORY_INSIGHTS,SA,SAR,1,9000,90,0,Saudi Arabia
INVENTORY_INSIGHTS,SA,SAR,3,26000,260,5,Saudi Arabia
INVENTORY_INSIGHTS,SA,SAR,6,49000,490,10,Saudi Arabia
INVENTORY_INSIGHTS,SA,SAR,12,91500,915,16,Saudi Arabia
INVENTORY_INSIGHTS,AE,AED,1,9500,95,0,UAE
INVENTORY_INSIGHTS,AE,AED,3,26500,265,6,UAE
INVENTORY_INSIGHTS,AE,AED,6,50500,505,11,UAE
INVENTORY_INSIGHTS,AE,AED,12,93000,930,18,UAE
INVENTORY_INSIGHTS,OM,OMR,1,900,9.00,0,Oman (ex-VAT 5% at checkout)
INVENTORY_INSIGHTS,OM,OMR,3,2550,25.50,4,Oman (ex-VAT 5% at checkout)
INVENTORY_INSIGHTS,OM,OMR,6,4900,49.00,8,Oman (ex-VAT 5% at checkout)
INVENTORY_INSIGHTS,OM,OMR,12,9150,91.50,14,Oman (ex-VAT 5% at checkout)
INVENTORY_INSIGHTS,KW,KWD,1,760,7.60,0,Kuwait (no VAT)
INVENTORY_INSIGHTS,KW,KWD,3,2170,21.70,5,Kuwait (no VAT)
INVENTORY_INSIGHTS,KW,KWD,6,4160,41.60,9,Kuwait (no VAT)
INVENTORY_INSIGHTS,KW,KWD,12,7780,77.80,15,Kuwait (no VAT)
MAPS_LOCATION_FLOWS,EG,EGP,1,60000,600,0,Egypt (VAT included)
MAPS_LOCATION_FLOWS,EG,EGP,3,175000,1750,2,Egypt (VAT included)
MAPS_LOCATION_FLOWS,EG,EGP,6,340000,3400,4,Egypt (VAT included)
MAPS_LOCATION_FLOWS,EG,EGP,12,665000,6650,7,Egypt (VAT included)
MAPS_LOCATION_FLOWS,SA,SAR,1,6500,65,0,Saudi Arabia
MAPS_LOCATION_FLOWS,SA,SAR,3,18000,180,5,Saudi Arabia
MAPS_LOCATION_FLOWS,SA,SAR,6,34000,340,10,Saudi Arabia
MAPS_LOCATION_FLOWS,SA,SAR,12,63500,635,16,Saudi Arabia
MAPS_LOCATION_FLOWS,AE,AED,1,6500,65,0,UAE
MAPS_LOCATION_FLOWS,AE,AED,3,18500,185,6,UAE
MAPS_LOCATION_FLOWS,AE,AED,6,35000,350,11,UAE
MAPS_LOCATION_FLOWS,AE,AED,12,65000,650,18,UAE
MAPS_LOCATION_FLOWS,OM,OMR,1,600,6.00,0,Oman (ex-VAT 5% at checkout)
MAPS_LOCATION_FLOWS,OM,OMR,3,1750,17.50,4,Oman (ex-VAT 5% at checkout)
MAPS_LOCATION_FLOWS,OM,OMR,6,3400,34.00,8,Oman (ex-VAT 5% at checkout)
MAPS_LOCATION_FLOWS,OM,OMR,12,6350,63.50,14,Oman (ex-VAT 5% at checkout)
MAPS_LOCATION_FLOWS,KW,KWD,1,530,5.30,0,Kuwait (no VAT)
MAPS_LOCATION_FLOWS,KW,KWD,3,1510,15.10,5,Kuwait (no VAT)
MAPS_LOCATION_FLOWS,KW,KWD,6,2900,29.00,9,Kuwait (no VAT)
MAPS_LOCATION_FLOWS,KW,KWD,12,5410,54.10,15,Kuwait (no VAT)
MULTI_BRANCH,EG,EGP,1,110000,1100,0,Egypt (VAT included)
MULTI_BRANCH,EG,EGP,3,325000,3250,2,Egypt (VAT included)
MULTI_BRANCH,EG,EGP,6,640000,6400,4,Egypt (VAT included)
MULTI_BRANCH,EG,EGP,12,1245000,12450,7,Egypt (VAT included)
MULTI_BRANCH,SA,SAR,1,12000,120,0,Saudi Arabia
MULTI_BRANCH,SA,SAR,3,33500,335,5,Saudi Arabia
MULTI_BRANCH,SA,SAR,6,64000,640,10,Saudi Arabia
MULTI_BRANCH,SA,SAR,12,119000,1190,16,Saudi Arabia
MULTI_BRANCH,AE,AED,1,12500,125,0,UAE
MULTI_BRANCH,AE,AED,3,35000,350,6,UAE
MULTI_BRANCH,AE,AED,6,66000,660,11,UAE
MULTI_BRANCH,AE,AED,12,121500,1215,18,UAE
MULTI_BRANCH,OM,OMR,1,1150,11.50,0,Oman (ex-VAT 5% at checkout)
MULTI_BRANCH,OM,OMR,3,3350,33.50,4,Oman (ex-VAT 5% at checkout)
MULTI_BRANCH,OM,OMR,6,6400,64.00,8,Oman (ex-VAT 5% at checkout)
MULTI_BRANCH,OM,OMR,12,11900,119.00,14,Oman (ex-VAT 5% at checkout)
MULTI_BRANCH,KW,KWD,1,990,9.90,0,Kuwait (no VAT)
MULTI_BRANCH,KW,KWD,3,2830,28.30,5,Kuwait (no VAT)
MULTI_BRANCH,KW,KWD,6,5430,54.30,9,Kuwait (no VAT)
MULTI_BRANCH,KW,KWD,12,10150,101.50,15,Kuwait (no VAT)
PAYMENT_LINKS,EG,EGP,1,45000,450,0,Egypt (VAT included)
PAYMENT_LINKS,EG,EGP,3,130000,1300,2,Egypt (VAT included)
PAYMENT_LINKS,EG,EGP,6,255000,2550,4,Egypt (VAT included)
PAYMENT_LINKS,EG,EGP,12,495000,4950,7,Egypt (VAT included)
PAYMENT_LINKS,SA,SAR,1,4500,45,0,Saudi Arabia
PAYMENT_LINKS,SA,SAR,3,13500,135,5,Saudi Arabia
PAYMENT_LINKS,SA,SAR,6,25500,255,10,Saudi Arabia
PAYMENT_LINKS,SA,SAR,12,47500,475,16,Saudi Arabia
PAYMENT_LINKS,AE,AED,1,5000,50,0,UAE
PAYMENT_LINKS,AE,AED,3,14000,140,6,UAE
PAYMENT_LINKS,AE,AED,6,26500,265,11,UAE
PAYMENT_LINKS,AE,AED,12,48500,485,18,UAE
PAYMENT_LINKS,OM,OMR,1,450,4.50,0,Oman (ex-VAT 5% at checkout)
PAYMENT_LINKS,OM,OMR,3,1350,13.50,4,Oman (ex-VAT 5% at checkout)
PAYMENT_LINKS,OM,OMR,6,2550,25.50,8,Oman (ex-VAT 5% at checkout)
PAYMENT_LINKS,OM,OMR,12,4750,47.50,14,Oman (ex-VAT 5% at checkout)
PAYMENT_LINKS,KW,KWD,1,400,4.00,0,Kuwait (no VAT)
PAYMENT_LINKS,KW,KWD,3,1130,11.30,5,Kuwait (no VAT)
PAYMENT_LINKS,KW,KWD,6,2170,21.70,9,Kuwait (no VAT)
PAYMENT_LINKS,KW,KWD,12,4060,40.60,15,Kuwait (no VAT)
PORTAL_ASSISTANT,EG,EGP,1,90000,900,0,Egypt (VAT included)
PORTAL_ASSISTANT,EG,EGP,3,260000,2600,2,Egypt (VAT included)
PORTAL_ASSISTANT,EG,EGP,6,515000,5150,4,Egypt (VAT included)
PORTAL_ASSISTANT,EG,EGP,12,995000,9950,7,Egypt (VAT included)
PORTAL_ASSISTANT,SA,SAR,1,9500,95,0,Saudi Arabia
PORTAL_ASSISTANT,SA,SAR,3,27000,270,5,Saudi Arabia
PORTAL_ASSISTANT,SA,SAR,6,51000,510,10,Saudi Arabia
PORTAL_ASSISTANT,SA,SAR,12,95500,955,16,Saudi Arabia
PORTAL_ASSISTANT,AE,AED,1,10000,100,0,UAE
PORTAL_ASSISTANT,AE,AED,3,28000,280,6,UAE
PORTAL_ASSISTANT,AE,AED,6,52500,525,11,UAE
PORTAL_ASSISTANT,AE,AED,12,97000,970,18,UAE
PORTAL_ASSISTANT,OM,OMR,1,900,9.00,0,Oman (ex-VAT 5% at checkout)
PORTAL_ASSISTANT,OM,OMR,3,2650,26.50,4,Oman (ex-VAT 5% at checkout)
PORTAL_ASSISTANT,OM,OMR,6,5100,51.00,8,Oman (ex-VAT 5% at checkout)
PORTAL_ASSISTANT,OM,OMR,12,9550,95.50,14,Oman (ex-VAT 5% at checkout)
PORTAL_ASSISTANT,KW,KWD,1,800,8.00,0,Kuwait (no VAT)
PORTAL_ASSISTANT,KW,KWD,3,2270,22.70,5,Kuwait (no VAT)
PORTAL_ASSISTANT,KW,KWD,6,4340,43.40,9,Kuwait (no VAT)
PORTAL_ASSISTANT,KW,KWD,12,8120,81.20,15,Kuwait (no VAT)
PROACTIVE_ALERTS,EG,EGP,1,65000,650,0,Egypt (VAT included)
PROACTIVE_ALERTS,EG,EGP,3,195000,1950,2,Egypt (VAT included)
PROACTIVE_ALERTS,EG,EGP,6,385000,3850,4,Egypt (VAT included)
PROACTIVE_ALERTS,EG,EGP,12,745000,7450,7,Egypt (VAT included)
PROACTIVE_ALERTS,SA,SAR,1,7000,70,0,Saudi Arabia
PROACTIVE_ALERTS,SA,SAR,3,20000,200,5,Saudi Arabia
PROACTIVE_ALERTS,SA,SAR,6,38500,385,10,Saudi Arabia
PROACTIVE_ALERTS,SA,SAR,12,71500,715,16,Saudi Arabia
PROACTIVE_ALERTS,AE,AED,1,7500,75,0,UAE
PROACTIVE_ALERTS,AE,AED,3,21000,210,6,UAE
PROACTIVE_ALERTS,AE,AED,6,39500,395,11,UAE
PROACTIVE_ALERTS,AE,AED,12,73000,730,18,UAE
PROACTIVE_ALERTS,OM,OMR,1,700,7.00,0,Oman (ex-VAT 5% at checkout)
PROACTIVE_ALERTS,OM,OMR,3,2000,20.00,4,Oman (ex-VAT 5% at checkout)
PROACTIVE_ALERTS,OM,OMR,6,3850,38.50,8,Oman (ex-VAT 5% at checkout)
PROACTIVE_ALERTS,OM,OMR,12,7150,71.50,14,Oman (ex-VAT 5% at checkout)
PROACTIVE_ALERTS,KW,KWD,1,600,6.00,0,Kuwait (no VAT)
PROACTIVE_ALERTS,KW,KWD,3,1700,17.00,5,Kuwait (no VAT)
PROACTIVE_ALERTS,KW,KWD,6,3260,32.60,9,Kuwait (no VAT)
PROACTIVE_ALERTS,KW,KWD,12,6090,60.90,15,Kuwait (no VAT)
TEAM_SEAT_EXPANSION,EG,EGP,1,30000,300,0,Egypt (VAT included)
TEAM_SEAT_EXPANSION,EG,EGP,3,85000,850,2,Egypt (VAT included)
TEAM_SEAT_EXPANSION,EG,EGP,6,170000,1700,4,Egypt (VAT included)
TEAM_SEAT_EXPANSION,EG,EGP,12,330000,3300,7,Egypt (VAT included)
TEAM_SEAT_EXPANSION,SA,SAR,1,3000,30,0,Saudi Arabia
TEAM_SEAT_EXPANSION,SA,SAR,3,9000,90,5,Saudi Arabia
TEAM_SEAT_EXPANSION,SA,SAR,6,17000,170,10,Saudi Arabia
TEAM_SEAT_EXPANSION,SA,SAR,12,32000,320,16,Saudi Arabia
TEAM_SEAT_EXPANSION,AE,AED,1,3500,35,0,UAE
TEAM_SEAT_EXPANSION,AE,AED,3,9500,95,6,UAE
TEAM_SEAT_EXPANSION,AE,AED,6,17500,175,11,UAE
TEAM_SEAT_EXPANSION,AE,AED,12,32500,325,18,UAE
TEAM_SEAT_EXPANSION,OM,OMR,1,300,3.00,0,Oman (ex-VAT 5% at checkout)
TEAM_SEAT_EXPANSION,OM,OMR,3,900,9.00,4,Oman (ex-VAT 5% at checkout)
TEAM_SEAT_EXPANSION,OM,OMR,6,1700,17.00,8,Oman (ex-VAT 5% at checkout)
TEAM_SEAT_EXPANSION,OM,OMR,12,3200,32.00,14,Oman (ex-VAT 5% at checkout)
TEAM_SEAT_EXPANSION,KW,KWD,1,270,2.70,0,Kuwait (no VAT)
TEAM_SEAT_EXPANSION,KW,KWD,3,760,7.60,5,Kuwait (no VAT)
TEAM_SEAT_EXPANSION,KW,KWD,6,1450,14.50,9,Kuwait (no VAT)
TEAM_SEAT_EXPANSION,KW,KWD,12,2710,27.10,15,Kuwait (no VAT)
WHATSAPP_BROADCASTS,EG,EGP,1,65000,650,0,Egypt (VAT included)
WHATSAPP_BROADCASTS,EG,EGP,3,195000,1950,2,Egypt (VAT included)
WHATSAPP_BROADCASTS,EG,EGP,6,385000,3850,4,Egypt (VAT included)
WHATSAPP_BROADCASTS,EG,EGP,12,745000,7450,7,Egypt (VAT included)
WHATSAPP_BROADCASTS,SA,SAR,1,7000,70,0,Saudi Arabia
WHATSAPP_BROADCASTS,SA,SAR,3,20000,200,5,Saudi Arabia
WHATSAPP_BROADCASTS,SA,SAR,6,38500,385,10,Saudi Arabia
WHATSAPP_BROADCASTS,SA,SAR,12,71500,715,16,Saudi Arabia
WHATSAPP_BROADCASTS,AE,AED,1,7500,75,0,UAE
WHATSAPP_BROADCASTS,AE,AED,3,21000,210,6,UAE
WHATSAPP_BROADCASTS,AE,AED,6,39500,395,11,UAE
WHATSAPP_BROADCASTS,AE,AED,12,73000,730,18,UAE
WHATSAPP_BROADCASTS,OM,OMR,1,700,7.00,0,Oman (ex-VAT 5% at checkout)
WHATSAPP_BROADCASTS,OM,OMR,3,2000,20.00,4,Oman (ex-VAT 5% at checkout)
WHATSAPP_BROADCASTS,OM,OMR,6,3850,38.50,8,Oman (ex-VAT 5% at checkout)
WHATSAPP_BROADCASTS,OM,OMR,12,7150,71.50,14,Oman (ex-VAT 5% at checkout)
WHATSAPP_BROADCASTS,KW,KWD,1,600,6.00,0,Kuwait (no VAT)
WHATSAPP_BROADCASTS,KW,KWD,3,1700,17.00,5,Kuwait (no VAT)
WHATSAPP_BROADCASTS,KW,KWD,6,3260,32.60,9,Kuwait (no VAT)
WHATSAPP_BROADCASTS,KW,KWD,12,6090,60.90,15,Kuwait (no VAT)
